"Status","Start Time","Stop Time","Duration in ms","Parent Suite","Suite","Sub Suite","Test Class","Test Method","Name","Description"
"passed","Mon Sep 28 17:24:16 UTC 2026","Mon Sep 28 17:24:16 UTC 2026","252","tests.api","test_posts","TestPosts","","","Delete Post",""
"passed","Mon Sep 28 17:24:10 UTC 2026","Mon Sep 28 17:24:10 UTC 2026","215","tests.api","test_comments","TestComments","","","Get comment by ID: 1",""
"passed","Mon Sep 28 17:24:14 UTC 2026","Mon Sep 28 17:24:15 UTC 2026","214","tests.api","test_posts","TestPosts","","","Get post by invalid ID: 101",""
"passed","Mon Sep 28 17:24:13 UTC 2026","Mon Sep 28 17:24:13 UTC 2026","307","tests.api","test_comments","TestComments","","","Positive - Update comment",""
"passed","Mon Sep 28 17:24:17 UTC 2026","Mon Sep 28 17:24:18 UTC 2026","227","tests.api","test_users","TestUsers","","","Create new user",""
"passed","Mon Sep 28 17:24:12 UTC 2026","Mon Sep 28 17:24:12 UTC 2026","287","tests.api","test_comments","TestComments","","","Get comments by post ID: 50",""
"passed","Mon Sep 28 17:24:18 UTC 2026","Mon Sep 28 17:24:18 UTC 2026","264","tests.api","test_users","TestUsers","","","Negative - Update user",""
"passed","Mon Sep 28 17:24:14 UTC 2026","Mon Sep 28 17:24:14 UTC 2026","107","tests.api","test_posts","TestPosts","","","Get all posts",""
"passed","Mon Sep 28 17:24:12 UTC 2026","Mon Sep 28 17:24:12 UTC 2026","276","tests.api","test_comments","TestComments","","","Get comments by post ID: 100",""
"passed","Mon Sep 28 17:24:18 UTC 2026","Mon Sep 28 17:24:18 UTC 2026","279","tests.api","test_users","TestUsers","","","Positive - Update user",""
"passed","Mon Sep 28 17:24:17 UTC 2026","Mon Sep 28 17:24:17 UTC 2026","218","tests.api","test_users","TestUsers","","","Negative - Get user by invalid ID: 100",""
"passed","Mon Sep 28 17:24:12 UTC 2026","Mon Sep 28 17:24:13 UTC 2026","293","tests.api","test_comments","TestComments","","","Create new comment",""
"passed","Mon Sep 28 17:24:11 UTC 2026","Mon Sep 28 17:24:11 UTC 2026","280","tests.api","test_comments","TestComments","","","Get comment by invalid ID: 501",""
"passed","Mon Sep 28 17:24:10 UTC 2026","Mon Sep 28 17:24:10 UTC 2026","140","tests.api","test_comments","TestComments","","","Get all comments",""
"passed","Mon Sep 28 17:24:18 UTC 2026","Mon Sep 28 17:24:19 UTC 2026","231","tests.api","test_users","TestUsers","","","Delete user",""
"passed","Mon Sep 28 17:24:15 UTC 2026","Mon Sep 28 17:24:16 UTC 2026","276","tests.api","test_posts","TestPosts","","","Positive - Update post",""
"passed","Mon Sep 28 17:24:15 UTC 2026","Mon Sep 28 17:24:15 UTC 2026","316","tests.api","test_posts","TestPosts","","","Get post by invalid ID: 999",""
"passed","Mon Sep 28 17:24:14 UTC 2026","Mon Sep 28 17:24:14 UTC 2026","210","tests.api","test_posts","TestPosts","","","Get post by ID: 1",""
"passed","Mon Sep 28 17:24:16 UTC 2026","Mon Sep 28 17:24:16 UTC 2026","115","tests.api","test_users","TestUsers","","","Positive - Get user by ID: 1",""
"passed","Mon Sep 28 17:24:13 UTC 2026","Mon Sep 28 17:24:13 UTC 2026","306","tests.api","test_comments","TestComments","","","Negative - Update comment",""
"passed","Mon Sep 28 17:24:17 UTC 2026","Mon Sep 28 17:24:17 UTC 2026","214","tests.api","test_users","TestUsers","","","Positive - Get user by ID: 10",""
"passed","Mon Sep 28 17:24:14 UTC 2026","Mon Sep 28 17:24:14 UTC 2026","285","tests.api","test_posts","TestPosts","","","Get post by ID: 50",""
"passed","Mon Sep 28 17:24:16 UTC 2026","Mon Sep 28 17:24:16 UTC 2026","271","tests.api","test_posts","TestPosts","","","Negative - Update post",""
"passed","Mon Sep 28 17:24:12 UTC 2026","Mon Sep 28 17:24:12 UTC 2026","218","tests.api","test_comments","TestComments","","","Get comments by post ID: 1",""
"passed","Mon Sep 28 17:24:11 UTC 2026","Mon Sep 28 17:24:12 UTC 2026","294","tests.api","test_comments","TestComments","","","Get comment by invalid ID: 999",""
"passed","Mon Sep 28 17:24:10 UTC 2026","Mon Sep 28 17:24:11 UTC 2026","309","tests.api","test_comments","TestComments","","","Get comment by ID: 100",""
"passed","Mon Sep 28 17:24:17 UTC 2026","Mon Sep 28 17:24:17 UTC 2026","310","tests.api","test_users","TestUsers","","","Negative - Get user by invalid ID: 11",""
"passed","Mon Sep 28 17:24:13 UTC 2026","Mon Sep 28 17:24:14 UTC 2026","259","tests.api","test_comments","TestComments","","","Delete comment",""
"passed","Mon Sep 28 17:24:15 UTC 2026","Mon Sep 28 17:24:15 UTC 2026","238","tests.api","test_posts","TestPosts","","","Create new post",""
"passed","Mon Sep 28 17:24:16 UTC 2026","Mon Sep 28 17:24:17 UTC 2026","213","tests.api","test_users","TestUsers","","","Positive - Get user by ID: 5",""
"passed","Mon Sep 28 17:24:11 UTC 2026","Mon Sep 28 17:24:11 UTC 2026","278","tests.api","test_comments","TestComments","","","Get comment by ID: 500",""
"passed","Mon Sep 28 17:24:14 UTC 2026","Mon Sep 28 17:24:14 UTC 2026","278","tests.api","test_posts","TestPosts","","","Get post by ID: 100",""
"passed","Mon Sep 28 17:24:16 UTC 2026","Mon Sep 28 17:24:16 UTC 2026","214","tests.api","test_users","TestUsers","","","Get all users",""
